<?xml version="1.0" encoding="UTF-8"?><sv:node sv:name="drools:repository" xmlns:fn="http://www.w3.org/2005/xpath-functions" xmlns:fn_old="http://www.w3.org/2004/10/xpath-functions" xmlns:drools="http://www.jboss.org/drools-repository/1.0" xmlns:xs="http://www.w3.org/2001/XMLSchema" xmlns:jcr="http://www.jcp.org/jcr/1.0" xmlns:mix="http://www.jcp.org/jcr/mix/1.0" xmlns:sv="http://www.jcp.org/jcr/sv/1.0" xmlns:rep="internal" xmlns:nt="http://www.jcp.org/jcr/nt/1.0"><sv:property sv:name="jcr:primaryType" sv:type="Name"><sv:value>nt:folder</sv:value></sv:property><sv:property sv:name="jcr:created" sv:type="Date"><sv:value>2012-09-06T20:38:39.504-04:00</sv:value></sv:property><sv:property sv:name="jcr:createdBy" sv:type="String"><sv:value>admin</sv:value></sv:property><sv:node sv:name="drools:package_area"><sv:property sv:name="jcr:primaryType" sv:type="Name"><sv:value>nt:folder</sv:value></sv:property><sv:property sv:name="jcr:created" sv:type="Date"><sv:value>2012-09-06T20:38:39.514-04:00</sv:value></sv:property><sv:property sv:name="jcr:createdBy" sv:type="String"><sv:value>admin</sv:value></sv:property><sv:node sv:name="globalArea"><sv:property sv:name="jcr:primaryType" sv:type="Name"><sv:value>drools:packageNodeType</sv:value></sv:property><sv:property sv:name="jcr:uuid" sv:type="String"><sv:value>5ba1cdf0-a385-4153-be5b-3b6af670f978</sv:value></sv:property><sv:property sv:name="drools:archive" sv:type="Boolean"><sv:value>false</sv:value></sv:property><sv:property sv:name="drools:creator" sv:type="String"><sv:value>admin</sv:value></sv:property><sv:property sv:name="drools:description" sv:type="String"><sv:value>the global area that holds sharable assets</sv:value></sv:property><sv:property sv:name="drools:format" sv:type="String"><sv:value>package</sv:value></sv:property><sv:property sv:name="drools:lastModified" sv:type="Date"><sv:value>2012-09-06T20:38:39.517-04:00</sv:value></sv:property><sv:property sv:name="drools:title" sv:type="String"><sv:value>globalArea</sv:value></sv:property><sv:property sv:name="jcr:baseVersion" sv:type="Reference"><sv:value>97886b9c-2421-4210-aa36-1f2bbe3119af</sv:value></sv:property><sv:property sv:name="jcr:created" sv:type="Date"><sv:value>2012-09-06T20:38:39.514-04:00</sv:value></sv:property><sv:property sv:name="jcr:createdBy" sv:type="String"><sv:value>admin</sv:value></sv:property><sv:property sv:name="jcr:isCheckedOut" sv:type="Boolean"><sv:value>true</sv:value></sv:property><sv:property sv:name="jcr:predecessors" sv:type="Reference" sv:multiple="true"><sv:value>97886b9c-2421-4210-aa36-1f2bbe3119af</sv:value></sv:property><sv:property sv:name="jcr:versionHistory" sv:type="Reference"><sv:value>77734d16-8912-474a-a37e-c339b3b8d004</sv:value></sv:property><sv:node sv:name="assets"><sv:property sv:name="jcr:primaryType" sv:type="Name"><sv:value>drools:versionableAssetFolder</sv:value></sv:property><sv:property sv:name="jcr:uuid" sv:type="String"><sv:value>c7a3aa73-1a30-4311-9aa7-f69a03a6e4c0</sv:value></sv:property><sv:property sv:name="jcr:baseVersion" sv:type="Reference"><sv:value>247ed615-1de0-431a-9c16-e6bccdb82051</sv:value></sv:property><sv:property sv:name="jcr:created" sv:type="Date"><sv:value>2012-09-06T20:38:39.515-04:00</sv:value></sv:property><sv:property sv:name="jcr:createdBy" sv:type="String"><sv:value>admin</sv:value></sv:property><sv:property sv:name="jcr:isCheckedOut" sv:type="Boolean"><sv:value>true</sv:value></sv:property><sv:property sv:name="jcr:predecessors" sv:type="Reference" sv:multiple="true"><sv:value>247ed615-1de0-431a-9c16-e6bccdb82051</sv:value></sv:property><sv:property sv:name="jcr:versionHistory" sv:type="Reference"><sv:value>ab2b1585-abf7-4d96-bfe0-092592949083</sv:value></sv:property></sv:node></sv:node><sv:node sv:name="defaultPackage"><sv:property sv:name="jcr:primaryType" sv:type="Name"><sv:value>drools:packageNodeType</sv:value></sv:property><sv:property sv:name="jcr:uuid" sv:type="String"><sv:value>025f73b6-7b8a-4b98-86e0-dc39966e0065</sv:value></sv:property><sv:property sv:name="drools:archive" sv:type="Boolean"><sv:value>false</sv:value></sv:property><sv:property sv:name="drools:checkinComment" sv:type="String"><sv:value>Initial</sv:value></sv:property><sv:property sv:name="drools:creator" sv:type="String"><sv:value>admin</sv:value></sv:property><sv:property sv:name="drools:description" sv:type="String"><sv:value>The default rule package</sv:value></sv:property><sv:property sv:name="drools:format" sv:type="String"><sv:value>package</sv:value></sv:property><sv:property sv:name="drools:lastContributor" sv:type="String"><sv:value>admin</sv:value></sv:property><sv:property sv:name="drools:lastModified" sv:type="Date"><sv:value>2012-09-06T20:38:39.969-04:00</sv:value></sv:property><sv:property sv:name="drools:title" sv:type="String"><sv:value>defaultPackage</sv:value></sv:property><sv:property sv:name="drools:versionNumber" sv:type="Long"><sv:value>1</sv:value></sv:property><sv:property sv:name="jcr:baseVersion" sv:type="Reference"><sv:value>58806454-8314-407b-88ca-39393c84a0eb</sv:value></sv:property><sv:property sv:name="jcr:created" sv:type="Date"><sv:value>2012-09-06T20:38:39.959-04:00</sv:value></sv:property><sv:property sv:name="jcr:createdBy" sv:type="String"><sv:value>admin</sv:value></sv:property><sv:property sv:name="jcr:isCheckedOut" sv:type="Boolean"><sv:value>false</sv:value></sv:property><sv:property sv:name="jcr:predecessors" sv:type="Reference" sv:multiple="true"/><sv:property sv:name="jcr:versionHistory" sv:type="Reference"><sv:value>51ec288d-7a51-4649-af1a-1275468f27f0</sv:value></sv:property><sv:node sv:name="assets"><sv:property sv:name="jcr:primaryType" sv:type="Name"><sv:value>drools:versionableAssetFolder</sv:value></sv:property><sv:property sv:name="jcr:uuid" sv:type="String"><sv:value>2cf36431-64e2-4b0a-a105-900c1c90924f</sv:value></sv:property><sv:property sv:name="jcr:baseVersion" sv:type="Reference"><sv:value>f1863b1d-e364-4f15-8829-87ece7959b96</sv:value></sv:property><sv:property sv:name="jcr:created" sv:type="Date"><sv:value>2012-09-06T20:38:39.960-04:00</sv:value></sv:property><sv:property sv:name="jcr:createdBy" sv:type="String"><sv:value>admin</sv:value></sv:property><sv:property sv:name="jcr:isCheckedOut" sv:type="Boolean"><sv:value>true</sv:value></sv:property><sv:property sv:name="jcr:predecessors" sv:type="Reference" sv:multiple="true"><sv:value>f1863b1d-e364-4f15-8829-87ece7959b96</sv:value></sv:property><sv:property sv:name="jcr:versionHistory" sv:type="Reference"><sv:value>6f89afc9-d50c-429d-9845-d81526664af8</sv:value></sv:property><sv:node sv:name="drools"><sv:property sv:name="jcr:primaryType" sv:type="Name"><sv:value>drools:assetNodeType</sv:value></sv:property><sv:property sv:name="jcr:uuid" sv:type="String"><sv:value>fcbddc2d-f885-49aa-b56b-31a8e2b61f1d</sv:value></sv:property><sv:property sv:name="drools:archive" sv:type="Boolean"><sv:value>false</sv:value></sv:property><sv:property sv:name="drools:checkinComment" sv:type="String"><sv:value></sv:value></sv:property><sv:property sv:name="drools:content" sv:type="String"><sv:value></sv:value></sv:property><sv:property sv:name="drools:creator" sv:type="String"><sv:value>admin</sv:value></sv:property><sv:property sv:name="drools:description" sv:type="String"><sv:value></sv:value></sv:property><sv:property sv:name="drools:format" sv:type="String"><sv:value>package</sv:value></sv:property><sv:property sv:name="drools:lastContributor" sv:type="String"><sv:value>admin</sv:value></sv:property><sv:property sv:name="drools:lastModified" sv:type="Date"><sv:value>2012-09-06T20:38:40.747-04:00</sv:value></sv:property><sv:property sv:name="drools:packageName" sv:type="String"><sv:value>defaultPackage</sv:value></sv:property><sv:property sv:name="drools:stateReference" sv:type="Reference"><sv:value>9f39c768-0da8-4c2a-94fa-1af9d379deb6</sv:value></sv:property><sv:property sv:name="drools:title" sv:type="String"><sv:value>drools</sv:value></sv:property><sv:property sv:name="drools:versionNumber" sv:type="Long"><sv:value>1</sv:value></sv:property><sv:property sv:name="jcr:baseVersion" sv:type="Reference"><sv:value>00eda7a6-ec25-40cc-b7c5-128ba531c7dd</sv:value></sv:property><sv:property sv:name="jcr:created" sv:type="Date"><sv:value>2012-09-06T20:38:40.629-04:00</sv:value></sv:property><sv:property sv:name="jcr:createdBy" sv:type="String"><sv:value>admin</sv:value></sv:property><sv:property sv:name="jcr:isCheckedOut" sv:type="Boolean"><sv:value>false</sv:value></sv:property><sv:property sv:name="jcr:predecessors" sv:type="Reference" sv:multiple="true"/><sv:property sv:name="jcr:versionHistory" sv:type="Reference"><sv:value>0e1f285a-0510-40a4-8b4a-c292efbf6a78</sv:value></sv:property></sv:node></sv:node></sv:node></sv:node><sv:node sv:name="drools:packagesnapshot_area"><sv:property sv:name="jcr:primaryType" sv:type="Name"><sv:value>nt:folder</sv:value></sv:property><sv:property sv:name="jcr:created" sv:type="Date"><sv:value>2012-09-06T20:38:39.527-04:00</sv:value></sv:property><sv:property sv:name="jcr:createdBy" sv:type="String"><sv:value>admin</sv:value></sv:property></sv:node><sv:node sv:name="drools:tag_area"><sv:property sv:name="jcr:primaryType" sv:type="Name"><sv:value>nt:folder</sv:value></sv:property><sv:property sv:name="jcr:created" sv:type="Date"><sv:value>2012-09-06T20:38:39.527-04:00</sv:value></sv:property><sv:property sv:name="jcr:createdBy" sv:type="String"><sv:value>admin</sv:value></sv:property></sv:node><sv:node sv:name="drools:state_area"><sv:property sv:name="jcr:primaryType" sv:type="Name"><sv:value>nt:folder</sv:value></sv:property><sv:property sv:name="jcr:created" sv:type="Date"><sv:value>2012-09-06T20:38:39.527-04:00</sv:value></sv:property><sv:property sv:name="jcr:createdBy" sv:type="String"><sv:value>admin</sv:value></sv:property><sv:node sv:name="Draft"><sv:property sv:name="jcr:primaryType" sv:type="Name"><sv:value>drools:stateNodeType</sv:value></sv:property><sv:property sv:name="jcr:uuid" sv:type="String"><sv:value>9f39c768-0da8-4c2a-94fa-1af9d379deb6</sv:value></sv:property><sv:property sv:name="jcr:created" sv:type="Date"><sv:value>2012-09-06T20:38:39.528-04:00</sv:value></sv:property><sv:property sv:name="jcr:createdBy" sv:type="String"><sv:value>admin</sv:value></sv:property></sv:node></sv:node><sv:node sv:name="drools:schema_area"><sv:property sv:name="jcr:primaryType" sv:type="Name"><sv:value>nt:folder</sv:value></sv:property><sv:property sv:name="jcr:created" sv:type="Date"><sv:value>2012-09-06T20:38:39.528-04:00</sv:value></sv:property><sv:property sv:name="jcr:createdBy" sv:type="String"><sv:value>admin</sv:value></sv:property><sv:node sv:name="drools:workspace_area"><sv:property sv:name="jcr:primaryType" sv:type="Name"><sv:value>nt:folder</sv:value></sv:property><sv:property sv:name="jcr:created" sv:type="Date"><sv:value>2012-09-06T20:38:39.529-04:00</sv:value></sv:property><sv:property sv:name="jcr:createdBy" sv:type="String"><sv:value>admin</sv:value></sv:property></sv:node></sv:node><sv:node sv:name="drools.package.migrated"><sv:property sv:name="jcr:primaryType" sv:type="Name"><sv:value>nt:folder</sv:value></sv:property><sv:property sv:name="jcr:created" sv:type="Date"><sv:value>2012-09-06T20:38:40.867-04:00</sv:value></sv:property><sv:property sv:name="jcr:createdBy" sv:type="String"><sv:value>admin</sv:value></sv:property></sv:node><sv:node sv:name="user_info"><sv:property sv:name="jcr:primaryType" sv:type="Name"><sv:value>nt:folder</sv:value></sv:property><sv:property sv:name="jcr:created" sv:type="Date"><sv:value>2012-09-06T20:38:41.020-04:00</sv:value></sv:property><sv:property sv:name="jcr:createdBy" sv:type="String"><sv:value>mailman</sv:value></sv:property><sv:node sv:name="mailman"><sv:property sv:name="jcr:primaryType" sv:type="Name"><sv:value>nt:folder</sv:value></sv:property><sv:property sv:name="jcr:created" sv:type="Date"><sv:value>2012-09-06T20:38:41.020-04:00</sv:value></sv:property><sv:property sv:name="jcr:createdBy" sv:type="String"><sv:value>mailman</sv:value></sv:property><sv:node sv:name="inbox"><sv:property sv:name="jcr:primaryType" sv:type="Name"><sv:value>nt:file</sv:value></sv:property><sv:property sv:name="jcr:created" sv:type="Date"><sv:value>2012-09-06T20:38:41.020-04:00</sv:value></sv:property><sv:property sv:name="jcr:createdBy" sv:type="String"><sv:value>mailman</sv:value></sv:property><sv:node sv:name="jcr:content"><sv:property sv:name="jcr:primaryType" sv:type="Name"><sv:value>nt:unstructured</sv:value></sv:property><sv:property sv:name="incoming" sv:type="String"><sv:value></sv:value></sv:property></sv:node></sv:node></sv:node></sv:node></sv:node>